filter_size,OpenMP,MPI,Docker
15,14.793866666666666,35.90396666666667,53.936766666666664
25,42.690666666666665,87.99286666666667,121.29733333333333
