padding_mode,OpenMP,MPI,Docker
zero,28.2137,61.37615,87.507
mirror,29.6448,61.14955,86.39005
none,28.3683,63.31955,88.9541
